<?xml version="1.0" encoding="UTF-8"?>
<project xmlns="http://maven.apache.org/POM/4.0.0" xmlns:xsi="http://www.w3.org/2001/XMLSchema-instance" xsi:schemaLocation="http://maven.apache.org/POM/4.0.0 http://maven.apache.org/maven-v4_0_0.xsd">
  <parent>
    <artifactId>tau</artifactId>
    <groupId>com.turn</groupId>
    <version>1.0-SNAPSHOT</version>
    <relativePath>../../pom.xml</relativePath>
  </parent>
  <modelVersion>4.0.0</modelVersion>
  <groupId>com.turn</groupId>
  <artifactId>query-operations</artifactId>
  <name>Query Operations</name>
  <version>1.0-SNAPSHOT</version>
  <build>
    <plugins>
      <plugin>
        <artifactId>maven-compiler-plugin</artifactId>
        <version>2.5.1</version>
        <configuration>
          <source>1.6</source>
          <target>1.6</target>
        </configuration>
      </plugin>
      <plugin>
        <artifactId>maven-surefire-plugin</artifactId>
        <version>2.13</version>
      </plugin>
      <plugin>
        <artifactId>maven-shade-plugin</artifactId>
        <version>2.0</version>
        <executions>
          <execution>
            <phase>package</phase>
            <goals>
              <goal>shade</goal>
            </goals>
            <configuration>
              <transformers>
                <transformer>
                  <mainClass>com.turn.queryoperations.OperationFetch</mainClass>
                </transformer>
              </transformers>
            </configuration>
          </execution>
        </executions>
      </plugin>
    </plugins>
  </build>
  <dependencies>
    <dependency>
      <groupId>junit</groupId>
      <artifactId>junit</artifactId>
      <version>4.10</version>
      <scope>test</scope>
      <exclusions>
        <exclusion>
          <artifactId>hamcrest-core</artifactId>
          <groupId>org.hamcrest</groupId>
        </exclusion>
      </exclusions>
    </dependency>
  </dependencies>
  <properties>
    <project.build.sourceEncoding>UTF-8</project.build.sourceEncoding>
  </properties>
</project>

